Type,Name,Request Count,Failure Count,Median Response Time,Average Response Time,Min Response Time,Max Response Time,Average Content Size,Requests/s,Failures/s,50%,66%,75%,80%,90%,95%,98%,99%,99.9%,99.99%,100%
POST,/shorten/,5087,9,290.0,285.24614878632696,16.003462000298896,554.7409810005774,35.33634755258502,53.484541290982904,0.09462568736364185,290,320,340,360,400,430,470,480,540,550,550
,Aggregated,5087,9,290.0,285.24614878632696,16.003462000298896,554.7409810005774,35.33634755258502,53.484541290982904,0.09462568736364185,290,320,340,360,400,430,470,480,540,550,550
